{
  "project_info": {
    "project_number": "650204155762",
    "firebase_url": "https://mdhs-6e3a3-default-rtdb.firebaseio.com",
    "project_id": "mdhs-6e3a3",
    "storage_bucket": "mdhs-6e3a3.appspot.com"
  },
  "client": [
    {
      "client_info": {
        "mobilesdk_app_id": "1:650204155762:android:c6a173fdd5fb43bec057eb",
        "android_client_info": {
          "package_name": "com.example.mdhs"
        }
      },
      "oauth_client": [
        {
          "client_id": "650204155762-jsg2tbao325k90aadq00f9n43k1kch49.apps.googleusercontent.com",
          "client_type": 3
        }
      ],
      "api_key": [
        {
          "current_key": "AIzaSyBV99tOGK1j-8TnS5BDyfSYBdfPDB7Mivc"
        }
      ],
      "services": {
        "appinvite_service": {
          "other_platform_oauth_client": [
            {
              "client_id": "650204155762-jsg2tbao325k90aadq00f9n43k1kch49.apps.googleusercontent.com",
              "client_type": 3
            }
          ]
        }
      }
    }
  ],
  "configuration_version": "1"
}